pin_number,board,filename,title,description,destination_url,alt_text
1,Renaissance Pet Portraits,01-renaissance-pet-portrait-turn-your-dog-into-a-17th-cent.png,Renaissance Pet Portrait — Turn Your Dog Into a 17th Century Oil Painting,"Custom Renaissance pet portraits in the style of Rembrandt and Vermeer. Upload one photo, see a 30-second preview free, then download or order framed. Watercolor, oil, and line art styles available. Loved by 487 verified reviewers. #renaissancepetportrait #custompetportrait #petportraitart #dogwallart #petartgift",https://pawmasterpiece.com/styles/renaissance-pet-portrait,"Golden retriever painted in dramatic Renaissance oil style, wearing a dark velvet doublet with white lace collar, deep chiaroscuro lighting against a moody brown background, museum-quality framed canvas hanging above a console table."
2,Renaissance Pet Portraits,02-how-to-make-a-renaissance-portrait-of-your-pet-from-one.png,How to Make a Renaissance Portrait of Your Pet From One Phone Photo,"A step-by-step look at turning a regular pet photo into a museum-style Renaissance portrait. Upload, pick a style, preview in 30 seconds. Digital download $6, framed canvas $79 with US shipping in 3-5 days. #renaissanceart #petportraitstudio #customdogart #oldmasterstyle #dogportraitpainting",https://pawmasterpiece.com/styles/renaissance-pet-portrait,"Side-by-side comparison showing an iPhone snapshot of a black pug on the left and a finished Renaissance oil painting of the same pug in royal blue robes on the right, with arrows between them."
3,Renaissance Pet Portraits,03-5-renaissance-pet-portrait-ideas-that-look-like-real-mu.png,5 Renaissance Pet Portrait Ideas That Look Like Real Museum Paintings,"Five Renaissance pet portrait directions inspired by Vermeer, Rembrandt, and Holbein. Includes the ""Girl With a Pearl Earring"" treatment, the noble hunter pose, and the formal courtly portrait. See your pet rendered in any of them. #renaissancepetportrait #vermeer #rembrandt #petartideas #classicalportrait",https://pawmasterpiece.com/styles/renaissance-pet-portrait,"Grid of five Renaissance pet portrait variations — a tabby cat as Girl With a Pearl Earring, a beagle in a hunting jerkin, a corgi in courtly robes, a husky in armor, and a poodle in lace ruff. Cream parchment background."
4,Renaissance Pet Portraits,04-custom-oil-painting-of-your-dog-in-the-style-of-the-old.png,Custom Oil Painting of Your Dog in the Style of the Old Masters,"Renaissance-style oil portraits painted from your pet photo. Deep glazes, classical pose, museum aesthetic. Preview free, no signup. Add a custom frame and ship in under a week. Memorial portraits available with a gentle approach. #oilpaintingdog #renaissancedog #custompetart #dogoilpainting #petportraitcommission",https://pawmasterpiece.com/styles/oil-painting-pet-portrait,"Chocolate labrador rendered in classical oil painting style, three-quarter pose with one paw resting on a leather-bound book, draped burgundy curtain in the background, soft golden side-light."
5,Renaissance Pet Portraits,05-renaissance-cat-portraits-tabby-tuxedo-and-calico-in-pe.png,"Renaissance Cat Portraits — Tabby, Tuxedo and Calico in Period Costume","Cats wearing Tudor ruffs, velvet capes, and pearl chokers, rendered like 16th century court paintings. Pick from four styles and four sizes. Cats only — this collection is cat-specific. #renaissancecat #catportrait #catart #tudorcat #customcatpainting",https://pawmasterpiece.com/styles/renaissance-pet-portrait,"Three Renaissance cat portraits in a triptych — a tabby in a starched white ruff, a tuxedo cat in a black velvet cape with gold chain, and a calico wearing a pearl choker against deep teal velvet drapes."
6,Royal Dog Portraits,06-royal-dog-portrait-ideas-crowns-capes-and-coronation-ro.png,"Royal Dog Portrait Ideas — Crowns, Capes and Coronation Robes","Playful Renaissance-meets-royalty portraits of dogs wearing the full coronation kit. Ermine cape, gold crown, scepter optional. The internet's silliest take on classical portraiture, taken very seriously. #royaldogportrait #dogincrown #funnydogart #regaldogportrait #kingdogart",https://pawmasterpiece.com/styles/renaissance-pet-portrait,"French bulldog wearing a tall gold crown and red ermine-trimmed cape, posed on a velvet throne with a tiny scepter resting against one paw, gold drape background, dramatic spotlight."
7,Royal Dog Portraits,07-turn-your-dog-into-a-king-custom-royal-portrait-from-on.png,Turn Your Dog Into a King — Custom Royal Portrait From One Photo,"Upload a regular photo of your dog, get back a fully regal coronation portrait with crown, robe and palace backdrop. Free preview, no signup. Framed prints ship in 3-5 days. Bring the dignity your dog has always demanded. #royaldogart #regalpet #dogportrait #funnydoggift #customdogart",https://pawmasterpiece.com/styles/renaissance-pet-portrait,"Side-by-side of a yellow lab — left frame the dog mid-yawn on a couch, right frame the same dog as a regal monarch in a jeweled crown, ermine cape, holding a scepter, against a palace interior."
8,Royal Dog Portraits,08-queen-of-the-house-royal-portrait-ideas-for-dog-moms.png,Queen of the House — Royal Portrait Ideas for Dog Moms,"A regal portrait that captures who actually runs the household. Tiara, pearls, jeweled collar, palace setting. Looks great above the fireplace, looks even better when guests do a double take. #queendog #royalpetportrait #dogmomart #regaldoggy #petportraitfunny",https://pawmasterpiece.com/gifts/dog-mom-gift,"Miniature schnauzer in a delicate silver tiara and triple-strand pearl necklace, seated regally on a crimson cushion with palace columns and chandelier behind her."
9,Royal Dog Portraits,09-funny-royal-dog-art-for-people-who-take-their-pets-too-.png,Funny Royal Dog Art for People Who Take Their Pets Too Seriously,"Coronation portraits, knighting ceremonies, royal hunt scenes — all starring your dog. The joke is the dignity. Available as a $6 digital download or $79 framed canvas. #funnydogposter #royaldoghumor #dogwallart #petartfunny #customdogportrait",https://pawmasterpiece.com/styles/oil-painting-pet-portrait,"Three-panel comic gallery — a corgi being knighted with a sword, a dachshund signing a royal decree with a quill, and a great dane on horseback leading a royal hunt, all in oil painting style."
10,Custom Cat Art Gift Ideas,10-custom-cat-portrait-ideas-watercolor-oil-and-line-art-s.png,"Custom Cat Portrait Ideas — Watercolor, Oil and Line Art Styles","Cat-only portraits in four hand-painted styles. Watercolor for soft and dreamy, oil for moody and rich, line art for clean and modern, Renaissance for full drama. Made from your photo in 30 seconds. #customcatportrait #catart #catlovergift #catmomgift #catpainting",https://pawmasterpiece.com/,"Four-panel composite of the same orange tabby rendered in four art styles — loose watercolor, dark oil painting, single-line continuous drawing, and Renaissance portrait — arranged in a 2x2 grid."
11,Custom Cat Art Gift Ideas,11-best-gifts-for-cat-lovers-who-already-own-everything.png,Best Gifts for Cat Lovers Who Already Own Everything,"Custom portraits of their actual cat in their actual favorite art style. Personal, specific, and the only cat gift that can't be duplicated. Digital download $6 or framed canvas $79. Ships in 3-5 days US. #catlovergiftideas #catmom #catportraitgift #catart #personalizedcatgift",https://pawmasterpiece.com/styles/watercolor-pet-portrait,"A framed watercolor portrait of a gray Russian blue cat hanging in a sunlit reading nook, beside a stack of books, a coffee mug and a sleeping real-life cat curled on the windowsill."
12,Custom Cat Art Gift Ideas,12-why-a-custom-portrait-is-the-cat-gift-that-actually-get.png,Why a Custom Portrait Is the Cat Gift That Actually Gets Hung Up,"Most cat gifts end up in a drawer. A portrait of their cat doesn't. Specific, framed, ready to display. Four art styles, four sizes, no subscription. Preview in 30 seconds before paying anything. #catportrait #catwallart #cathomedecor #catlover #catartgift",https://pawmasterpiece.com/styles/watercolor-pet-portrait,"A black cat watercolor portrait in a thin gold frame mounted on a sage green wall above a mid-century sideboard, with a small ceramic vase and a single trailing pothos vine beside it."
13,Pet Memorial Art,13-pet-memorial-portrait-ideas-in-a-quiet-painterly-style.png,"Pet Memorial Portrait Ideas in a Quiet, Painterly Style","A soft, hand-painted way to keep a pet's memory close. Watercolor and oil styles work especially well for memorial portraits. Made carefully from any photo you have, including older or lower-resolution images. #petmemorial #petmemorialart #petlossart #petportrait #remembermypet",https://pawmasterpiece.com/memorial,"A soft watercolor portrait of an elderly golden retriever resting peacefully, gentle light from the left, neutral cream background, displayed in a thin natural-wood frame on a quiet shelf with a single white flower."
14,Pet Memorial Art,14-a-gentle-watercolor-portrait-to-remember-a-pet-by.png,A Gentle Watercolor Portrait to Remember a Pet By,"Watercolor is forgiving with older photos and feels less formal than a traditional oil portrait. The studio works with whatever image you have. There is no rush, and you can preview the portrait before deciding anything. #petmemorial #watercolorportrait #petremembrance #memorialart #petlosssupport",https://pawmasterpiece.com/memorial,"A loose watercolor study of a tabby cat curled in a sunbeam, painted in warm muted ochres and soft grays with deliberate paper texture showing through, untouched white space around the figure."
15,Pet Memorial Art,15-keeping-a-pet-s-memory-in-the-home-quiet-portrait-ideas.png,Keeping a Pet's Memory in the Home — Quiet Portrait Ideas,"A small framed portrait on a bookshelf, a print in a hallway, a soft watercolor on a bedside table. A few quiet ways people choose to keep a pet present in the home, without making it a centerpiece. #petmemorialideas #petportrait #petremembrance #petloss #memorialportrait",https://pawmasterpiece.com/memorial,"A hallway shelf with a small framed watercolor portrait of a black labrador, a smooth gray river stone, a sprig of dried lavender, and a small candle, photographed in soft natural afternoon light."
16,Pet Memorial Art,16-older-photos-are-enough-pet-memorial-portraits-from-any.png,Older Photos Are Enough — Pet Memorial Portraits From Any Image,"Phone photos, scanned prints, blurry snapshots — most are workable. The painted style helps. If a photo isn't usable, the studio will say so before any payment. Watercolor, oil, line art, and Renaissance styles are all available for memorial portraits. #petmemorialportrait #petloss #petremembrance #memorialart #petportraitfromphoto",https://pawmasterpiece.com/memorial,"Reference photo and finished portrait pairing — a faded film snapshot of a chihuahua from years ago on the left, and a clean watercolor portrait of the same dog on the right, both displayed flat on a wooden table."
17,Dog Mom Gift Ideas,17-dog-mom-gift-ideas-custom-portraits-she-ll-actually-han.png,Dog Mom Gift Ideas — Custom Portraits She'll Actually Hang Up,"The dog mom gift that doesn't end up in a drawer. Choose from watercolor, oil, Renaissance, or line art and see a free 30-second preview before paying. Digital from $6, framed canvas from $79, US shipping in 3-5 days. #dogmomgift #dogmomgiftideas #custompetportrait #dogmom #dogportraitgift",https://pawmasterpiece.com/gifts/dog-mom-gift,"A bright kitchen scene with a framed watercolor portrait of a goldendoodle hanging above the coffee station, a mug reading ""Dog Mom"" and a leash on the counter, all in soft morning light."
18,Dog Mom Gift Ideas,18-what-to-get-the-dog-mom-who-says-she-doesn-t-want-anyth.png,What to Get the Dog Mom Who Says She Doesn't Want Anything,"She probably means it — except for a portrait of her dog. Specific to her pet, framed, ready to hang. Four art styles. No subscription. Free preview before you pay. #giftsfordogmoms #dogmomlife #petportrait #dogloversgift #personalizeddoggift",https://pawmasterpiece.com/gifts/dog-mom-gift,"An overhead flat lay of gift wrap, a brown paper-wrapped framed canvas with a small dog tag tied to the bow, a card reading ""for the dog mom,"" and a sprig of eucalyptus on a linen background."
19,Dog Mom Gift Ideas,19-mother-s-day-gift-ideas-for-dog-moms-custom-pet-portrai.png,Mother's Day Gift Ideas for Dog Moms — Custom Pet Portraits,"A custom watercolor or oil portrait of her dog, ordered from your phone, delivered framed. Free preview in 30 seconds. Digital download arrives same day. Canvas ships in 3-5 days in the US. #mothersdaygift #dogmomgift #petportrait #mothersdayideas #custompetart",https://pawmasterpiece.com/gifts/mothers-day,"A small jewelry-style gift box sitting on a kitchen counter beside a coffee mug, with a phone screen propped against the box showing a finished watercolor portrait of a corgi as a preview."
20,Dog Mom Gift Ideas,20-birthday-gift-ideas-for-the-dog-mom-in-your-life.png,Birthday Gift Ideas for the Dog Mom in Your Life,"A framed portrait of her actual dog, in her favorite art style. Watercolor for soft and pretty, line art for minimalist, oil for dramatic, Renaissance for absurd in the best way. Four sizes. #birthdaygiftideas #dogmombirthday #petportrait #birthdaygiftforher #personalizedgift",https://pawmasterpiece.com/gifts/birthday,"A small birthday cake with a single candle on a table next to a framed line art portrait of a beagle, a ""happy birthday"" card, and a bouquet of pink peonies in a glass jar."
21,Dog Mom Gift Ideas,21-minimalist-line-art-dog-portrait-modern-gift-for-the-do.png,Minimalist Line Art Dog Portrait — Modern Gift for the Dog Mom,"A single continuous line drawing of her dog. Clean, modern, fits any wall. Pairs especially well with neutral interiors and gallery walls. Digital download $6, framed print $79. #lineartdog #minimalistdogart #dogmomgift #moderndogportrait #dogwallart",https://pawmasterpiece.com/styles/line-art-pet-portrait,"A black single-line continuous drawing of a whippet on a white background, mounted in a thin black frame, hanging on a warm white wall above a low oak credenza with a ceramic vase."
22,Watercolor Pet Paintings,22-custom-watercolor-pet-portraits-from-a-photo-you-alread.png,Custom Watercolor Pet Portraits From a Photo You Already Have,"Soft, hand-painted watercolor portraits of dogs, cats and other pets. Made from any clear photo. Free 30-second preview before you decide anything. Digital download $6, framed canvas $79, ships in 3-5 days US. #watercolorpetportrait #custompetportrait #watercolordog #watercolorcat #petart",https://pawmasterpiece.com/styles/watercolor-pet-portrait,"A loose watercolor portrait of a King Charles spaniel with soft peach and gray washes, paper texture visible at the edges, set against an off-white background with one stem of dried wildflower beside the frame."
23,Watercolor Pet Paintings,23-what-makes-a-good-watercolor-pet-portrait-tips-and-exam.png,What Makes a Good Watercolor Pet Portrait — Tips and Examples,"Watercolor works best with strong silhouettes, soft natural light, and a simple background. A breakdown of which pet photos translate well, which need cropping, and which are better in oil or line art. #watercolorpaintingtips #watercolordogportrait #petportraittips #watercolorart #petart",https://pawmasterpiece.com/styles/watercolor-pet-portrait,"An educational grid showing four pet photos with red and green checkmarks indicating which translate well to watercolor — a backlit dog with green check, a dark indoor cat with red x, a tabby in window light with green check, a blurry action shot with red x."
24,Watercolor Pet Paintings,24-watercolor-cat-portrait-ideas-tabbies-tuxedos-calicos.png,"Watercolor Cat Portrait Ideas — Tabbies, Tuxedos, Calicos","Watercolor handles cat fur patterns beautifully. Tabby stripes, tuxedo contrast and calico patches all come through soft and painterly. Cat-specific examples in four sizes and four frame options. #watercolorcat #catportrait #catart #watercolorcatpainting #catwallart",https://pawmasterpiece.com/styles/watercolor-pet-portrait,"A horizontal triptych of watercolor cat portraits — a marmalade tabby with stripe detail, a tuxedo cat with sharp black-white contrast, and a calico in cream, ginger and gray patches, each on warm-white paper."
25,Watercolor Pet Paintings,25-watercolor-dog-portrait-ideas-for-a-gallery-wall.png,Watercolor Dog Portrait Ideas for a Gallery Wall,"Watercolor pet portraits hang well next to botanical prints, family photos and other paper-based art. Examples of gallery wall arrangements with one, two and three pet portraits mixed in. #gallerywall #watercolordog #petportraitart #homedecorideas #dogwallart",https://pawmasterpiece.com/styles/watercolor-pet-portrait,"A gallery wall above a linen sofa featuring three watercolor dog portraits in mixed frame sizes alongside a pressed fern print and a small landscape, hung asymmetrically on a soft white wall."
26,Pet Wedding Portraits,26-pet-wedding-portrait-ideas-when-your-dog-can-t-be-at-th.png,Pet Wedding Portrait Ideas When Your Dog Can't Be at the Ceremony,"Custom portraits of your dog or cat in formal wedding-day style — soft watercolor, classic oil or fine line art. Print on the welcome sign, the seating chart, or the thank-you cards. Free 30-second preview. #petweddingportrait #weddingdog #weddingideas #dogofhonor #customweddingart",https://pawmasterpiece.com/styles/watercolor-pet-portrait,"A wedding welcome sign on a wooden easel at a garden ceremony, featuring a watercolor portrait of a black labrador wearing a small floral collar, framed by white peonies and trailing greenery."
27,Pet Wedding Portraits,27-including-your-dog-in-the-wedding-portrait-sign-and-sta.png,Including Your Dog in the Wedding — Portrait Sign and Stationery Ideas,"Ways to feature a pet who can't be there in person: a portrait on the program, a sketched portrait above the bar, an oil-style print as a guestbook accent. Digital download in any size from $6. #petsinweddings #weddingsignage #weddingstationery #dogweddingideas #petportrait",https://pawmasterpiece.com/styles/line-art-pet-portrait,"A flat lay of wedding stationery on cream linen — invitation, RSVP card, table number and bar menu, each featuring a small line art drawing of the couple's golden retriever in the top corner."
28,Funny Dog Posters,28-funny-dog-posters-for-the-living-room-renaissance-pet-p.png,Funny Dog Posters for the Living Room — Renaissance Pet Portraits,"Your dog as a Renaissance noble, an 18th century admiral, or a bored aristocrat. Hangs straight, ages well, gets a reaction from every guest. Digital download $6, framed canvas $79. #funnydogposter #renaissancedog #dogwallart #funnypetart #livingroomdecor",https://pawmasterpiece.com/styles/renaissance-pet-portrait,"A framed Renaissance-style portrait of a pug dressed as an 18th century admiral with bicorn hat and gold-braided coat, hanging in a wood-paneled living room above a leather chesterfield sofa."
29,Funny Dog Posters,29-is-a-renaissance-dog-portrait-a-real-gift-idea-yes-and-.png,"Is a Renaissance Dog Portrait a Real Gift Idea? Yes, and Here's Why",A formal oil-style portrait of someone's dog dressed as a 17th century noble is genuinely funnier the longer it hangs there. People show it to every guest for years. Four styles available. #funnygift #renaissancedog #funnydogportrait #conversationpiece #customdogart,https://pawmasterpiece.com/styles/oil-painting-pet-portrait,"A french bulldog rendered in formal Renaissance oil style wearing a starched white ruff and dark velvet doublet, with one paw resting on a velvet pillow, displayed in a heavy gold ornate frame against a navy wall."
30,Funny Dog Posters,30-funny-dog-wall-art-ideas-for-the-bathroom-office-and-ba.png,"Funny Dog Wall Art Ideas for the Bathroom, Office and Bar Cart","A small framed oil portrait of your dog above the bar cart. A line art print of your dog in the powder room. A Renaissance pug behind your desk. Three spots people don't think to decorate, three easy wins. #funnydogart #dogwallart #homedecorideas #petposter #funnyhomedecor",https://pawmasterpiece.com/,"A horizontal triptych of three home settings — a bar cart with a tiny framed oil portrait of a corgi, a powder room with a line art dachshund print, and a home office with a Renaissance pug portrait above the desk."